ChiefName,FID
-Itz___MoeBear,97190155
906gyomei,185647575
Akesh,131330215
Andre85,132528152
Arago,132902122
Arzu,136762232
Arzu&Sam,136336316
Baby Eka,134690948
Bacon,133542247
Batu,126441574
Bells,89175415
Blue Never Cry,120778196
Caly,122846889
ChelseaGrinning,134033511
codello,133607988
Din Djarin,123648120
DKshayde,134132282
Edira,138140550
Eka,132854290
Em3171,132870468
Endboss,131330318
Footlong Sausage,140866640
Frost fire socks,132837678
Geto,130248951
Ghost28,134114118
Green Tea,94912185
GuardianAngel,140835967
HandsOnYaKnees,115592148
Hasan,132929550
Hitman Ramsey,93749245
Hole,130576915
ibramovic,97580358
Imiod,95682234
Justinsideyou,115477740
Kalali,131379606
Katniss,113337206
Kell,130641992
Kell2,148148671
Kell3,131674122
KUBRAK,138622063
Leesha,133378318
LilliFee,95797027
LizzyBeth,157893517
Lord Kimo,132821231
Man_With_NoName,132968754
Maverick,130789622
Merlin's Beard,122339213
MiniGeto,147899136
Misty,130380257
Moobot,130566259
Mr Reaper,156026885
Mudcrab 1,89846949
Nahxjames,132722810
Nat,130298040
Natiomea,131526834
Ncld94,133704752
NyX~,131263365
owl88,115291031
Pats,134195995
Peekabooo,94863035
PicP1x,130199973
QAnon,131789352
QuackQuackMF,130298219
Raxor,131002972
Rndm37,132575382
RS,88683707
Ryuk,130183169
Scutterr,131887371
SERAGAN,139457556
Shariq,133935416
Sherm,140391370
Shohaun,109396736
Snowy Scott,132116525
TA25,131166440
TGGatsby,123296434
Thessi,132609021
Uncle_NoName,156722926
Vacancy,130265246
Viola,142439480
w5lurz,140555661
Wheatshoot,97711351
WuLo,139490646
XXX,133460095
yen,130298431
Young Offender,131541801
Yumenai,132772069
